{
  "DOGE": {
    "active": true,
    "active_step": 5,
    "last_buy_price": 0.14987,
    "start_price": 0.15719,
    "total_invested_usd": 152.2158672,
    "base_volume": 998.2399999999999,
    "saved_at": 1763589374.6773865
  },
  "XRP": {
    "active": true,
    "active_step": 0,
    "last_buy_price": 2.041,
    "start_price": 2.041,
    "total_invested_usd": 9.998859,
    "base_volume": 4.899,
    "saved_at": 1763589374.6773865
  }
}